<pos_static_blocks>
<!-- static block configuration -->
	<block>
		<id_posstaticblock>1</id_posstaticblock>
		<identify>about_us</identify>
		<hook_position>displayFooterAfter</hook_position>
		<name_module></name_module>
		<hook_module>0</hook_module>
		<posorder>0</posorder>
		<insert_module>0</insert_module>
		<active>0</active>
		<is_default>0</is_default>
		<showhook>1</showhook>
	</block>
	<block>
		<id_posstaticblock>2</id_posstaticblock>
		<identify>payment_block</identify>
		<hook_position>displayBlockFooter1</hook_position>
		<name_module></name_module>
		<hook_module>0</hook_module>
		<posorder>0</posorder>
		<insert_module>0</insert_module>
		<active>0</active>
		<is_default>0</is_default>
		<showhook>1</showhook>
	</block>
	<block>
		<id_posstaticblock>3</id_posstaticblock>
		<identify>copyright_block</identify>
		<hook_position>displayBlockFooter2</hook_position>
		<name_module></name_module>
		<hook_module>0</hook_module>
		<posorder>0</posorder>
		<insert_module>0</insert_module>
		<active>0</active>
		<is_default>0</is_default>
		<showhook>1</showhook>
	</block>
	
<!-- block language configuration -->	
	<block_language>
		<id_posstaticblock>1</id_posstaticblock>
		<id_lang>1</id_lang>
		<title>About Us</title>
		<description>
			 <![CDATA[
				<div class="about_us footer_block">
				<div class=" footer-info">
				<div class="logo_footer"><img src="/pos_smartbook/img/cms/logo_footer.png" alt="" class="img-responsive" /></div>
				<div class="address-store">
				<p><span>Address:</span> 123 Main Street, Anytown, New York, USA</p>
				<p><span>Telephone:</span> +18088 234 5678</p>
				<p><span>Email:</span> demo@posthemes.com</p>
				</div>
				</div>
				</div>
			 ]]>
		</description>
	</block_language>
	<block_language>
		<id_posstaticblock>2</id_posstaticblock>
		<id_lang>1</id_lang>
		<title>Payment Block</title>
		<description>
			 <![CDATA[
				<div class="payment">
				<div class="txt_payment">Suspendisse in auctor augue. Cras fermentum est ac fermentum tempor. Etiam vel magna volutpat, posuere eros</div>
				<img src="/pos_smartbook/img/cms/payment.png" alt="" class="img-responsive" /></div>
			 ]]>
		</description>
	</block_language>
	<block_language>
		<id_posstaticblock>3</id_posstaticblock>
		<id_lang>1</id_lang>
		<title>Copyright Block</title>
		<description>
			 <![CDATA[
			<div class="copyright">Copyright <i class="fa fa-copyright"></i> <a href="http://posthemes.com/">Posthemes</a>. All Rights Reserved</div>
			 ]]>
		</description>
	</block_language>

<!-- block shop configuration -->
	<block_shop>
		<id_posstaticblock>1</id_posstaticblock>
		<id_shop>1</id_shop>
	</block_shop>
	<block_shop>
		<id_posstaticblock>2</id_posstaticblock>
		<id_shop>1</id_shop>
	</block_shop>
	<block_shop>
		<id_posstaticblock>3</id_posstaticblock>
		<id_shop>1</id_shop>
	</block_shop>
</pos_static_blocks>