<pos_static_blocks>
<!-- static block configuration -->
	<block>
		<id_posstaticblock>1</id_posstaticblock>
		<identify>static_info</identify>
		<hook_position>displayTopColumn</hook_position>
		<name_module></name_module>
		<hook_module>0</hook_module>
		<posorder>0</posorder>
		<insert_module>0</insert_module>
		<active>0</active>
		<showhook>1</showhook>
	</block>	
	<block>
		<id_posstaticblock>2</id_posstaticblock>
		<identify>home_banner</identify>
		<hook_position>displayBlockPosition1</hook_position>
		<name_module></name_module>
		<hook_module>0</hook_module>
		<posorder>0</posorder>
		<insert_module>0</insert_module>
		<active>0</active>
		<showhook>1</showhook>
	</block>	
	<block>
		<id_posstaticblock>3</id_posstaticblock>
		<identify>home_banner2</identify>
		<hook_position>displayBlockPosition2</hook_position>
		<name_module></name_module>
		<hook_module>0</hook_module>
		<posorder>0</posorder>
		<insert_module>0</insert_module>
		<active>0</active>
		<showhook>1</showhook>
	</block>
	<block>
		<id_posstaticblock>4</id_posstaticblock>
		<identify>home_banner3</identify>
		<hook_position>displayBlockPosition3</hook_position>
		<name_module></name_module>
		<hook_module>0</hook_module>
		<posorder>0</posorder>
		<insert_module>0</insert_module>
		<active>0</active>
		<showhook>1</showhook>
	</block>
<!-- block lang configuration -->
	<block_lang>
		<id_posstaticblock>1</id_posstaticblock>
		<id_lang>1</id_lang>
		<title>Static Info</title>
		<description>
			 <![CDATA[
				<div class="static_cms">
				<div class="container">
				<div class="row">
				<div class="col-xs-12 col-sm-6 col-md-6 col-lg-3">
				<div class="box_cms"><i class=" fa fa-shipping-fast"></i>
				<div class="txt_cms">
				<h2>Free Shipping Item</h2>
				<p>Orders over $500</p>
				</div>
				</div>
				</div>
				<div class="col-xs-12 col-sm-6 col-md-6 col-lg-3">
				<div class="box_cms"><i class=" fa fa-redo"></i>
				<div class="txt_cms">
				<h2>Money Back Guarantee</h2>
				<p>100% money back</p>
				</div>
				</div>
				</div>
				<div class="col-xs-12 col-sm-6 col-md-6 col-lg-3">
				<div class="box_cms"><i class=" fa fa-piggy-bank"></i>
				<div class="txt_cms">
				<h2>Cash on Delivery</h2>
				<p>Lorem ipsum dolor amet</p>
				</div>
				</div>
				</div>
				<div class="col-xs-12 col-sm-6 col-md-6 col-lg-3">
				<div class="box_cms"><i class=" fa fa-life-ring"></i>
				<div class="txt_cms">
				<h2>Help & Support</h2>
				<p>Call us : + 0123.4567.89</p>
				</div>
				</div>
				</div>
				</div>
				</div>
				</div>
			 ]]>
		</description>
	</block_lang>
	<block_lang>
		<id_posstaticblock>2</id_posstaticblock>
		<id_lang>1</id_lang>
		<title>Home Banner</title>
		<description>
			 <![CDATA[
				<div class="home-banner">
				<div class="container">
				<div class="row">
				<div class="col-xs-12 col-md-6 col">
				<div class="banner-box"><a href="#"> <img src="/pos_smartbook/img/cms/1_1.jpg" alt="" class="img-responsive" /></a></div>
				</div>
				<div class="col-xs-12 col-md-6 col">
				<div class="banner-box"><a href="#"> <img src="/pos_smartbook/img/cms/2_1.jpg" alt="" class="img-responsive" /></a></div>
				</div>
				</div>
				</div>
				</div>
			 ]]>
		</description>
	</block_lang>
		<block_lang>
		<id_posstaticblock>3</id_posstaticblock>
		<id_lang>1</id_lang>
		<title>Home Banner2</title>
		<description>
			 <![CDATA[
				<div class="home-banner">
				<div class="container">
				<div class="row">
				<div class="col-xs-12 col-md-8 col">
				<div class="banner-box"><a href="#"> <img src="/pos_smartbook/img/cms/3_1.jpg" alt="" class="img-responsive" /></a></div>
				</div>
				<div class="col-xs-12 col-md-4 col">
				<div class="banner-box"><a href="#"> <img src="/pos_smartbook/img/cms/4_1.jpg" alt="" class="img-responsive" /></a></div>
				</div>
				</div>
				</div>
				</div>
			 ]]>
		</description>
	</block_lang>
		<block_lang>
		<id_posstaticblock>4</id_posstaticblock>
		<id_lang>1</id_lang>
		<title>Home Banner3</title>
		<description>
			 <![CDATA[
				<div class="home-banner">
				<div class="banner-box"><a href="#"> <img src="/pos_smartbook/img/cms/5_1.jpg" alt="" class="img-responsive" /></a></div>
				</div>
			 ]]>
		</description>
	</block_lang>
<!-- block shop configuration -->
	<block_shop>
		<id_posstaticblock>1</id_posstaticblock>
		<id_shop>1</id_shop>
	</block_shop>
	<block_shop>
		<id_posstaticblock>2</id_posstaticblock>
		<id_shop>1</id_shop>
	</block_shop>
	<block_shop>
		<id_posstaticblock>3</id_posstaticblock>
		<id_shop>1</id_shop>
	</block_shop>
	<block_shop>
		<id_posstaticblock>4</id_posstaticblock> 
		<id_shop>1</id_shop>
	</block_shop>
</pos_static_blocks>